entrezID,gene_symbol,probe_seq,biotype,bioproject,res_design,host_type,virus_strain,M.O.I,H.P.I,log2FoldChange,t,B,pvalue,padj,baseMean,lfcSE,stat
NA,XLOC_007585,TCATTTTGTCACAAACTTTGCCCAGGGCTCCGACTCTCGCATCAGCTAAACCCTCTGAAC,NA,PRJNA215073,A/Anhui/01/2013 (H7N9) vs. mock infection,Calu-3,A/Anhui/01/2013 (H7N9),1,12,-0.151067595249999,-1.03594113965639,-7.09597857271439,0.328872922960418,0.446334523378587,NA,NA,NA
NA,XLOC_007585,TCATTTTGTCACAAACTTTGCCCAGGGCTCCGACTCTCGCATCAGCTAAACCCTCTGAAC,NA,PRJNA215073,A/Anhui/01/2013 (H7N9) vs. mock infection,Calu-3,A/Anhui/01/2013 (H7N9),1,24,-0.58166173775,-3.20456643191995,-4.25954008599388,0.0121259463834598,0.0179756737602512,NA,NA,NA
NA,XLOC_007585,TCATTTTGTCACAAACTTTGCCCAGGGCTCCGACTCTCGCATCAGCTAAACCCTCTGAAC,NA,PRJNA215073,A/Anhui/01/2013 (H7N9) vs. mock infection,Calu-3,A/Anhui/01/2013 (H7N9),1,3,0.147960440250001,0.589999712618571,-6.7363500265787,0.570687507053628,0.738515517340603,NA,NA,NA
NA,XLOC_007585,TCATTTTGTCACAAACTTTGCCCAGGGCTCCGACTCTCGCATCAGCTAAACCCTCTGAAC,NA,PRJNA215073,A/Anhui/01/2013 (H7N9) vs. mock infection,Calu-3,A/Anhui/01/2013 (H7N9),1,7,-0.34292507025,-0.979976793862739,-6.26887445808997,0.355523331061255,0.61698459543523,NA,NA,NA
NA,XLOC_007585,TCATTTTGTCACAAACTTTGCCCAGGGCTCCGACTCTCGCATCAGCTAAACCCTCTGAAC,NA,PRJNA215073,A/Netherland/219/2003 (H7N7) vs. mock infection,Calu-3,A/Netherland/219/2003 (H7N7),1,12,-0.571467193999998,-2.18994835038992,-5.33610017967138,0.0592389869612,0.129445382323652,NA,NA,NA
NA,XLOC_007585,TCATTTTGTCACAAACTTTGCCCAGGGCTCCGACTCTCGCATCAGCTAAACCCTCTGAAC,NA,PRJNA215073,A/Netherland/219/2003 (H7N7) vs. mock infection,Calu-3,A/Netherland/219/2003 (H7N7),1,24,-1.65103126825,-1.44121052968904,-6.82828495113518,0.189218090024029,0.219701190887154,NA,NA,NA
NA,XLOC_007585,TCATTTTGTCACAAACTTTGCCCAGGGCTCCGACTCTCGCATCAGCTAAACCCTCTGAAC,NA,PRJNA215073,A/Netherland/219/2003 (H7N7) vs. mock infection,Calu-3,A/Netherland/219/2003 (H7N7),1,3,0.1385505,0.2846249,-7.125682,0.7830007,0.849668,NA,NA,NA
NA,XLOC_007585,TCATTTTGTCACAAACTTTGCCCAGGGCTCCGACTCTCGCATCAGCTAAACCCTCTGAAC,NA,PRJNA215073,A/Netherland/219/2003 (H7N7) vs. mock infection,Calu-3,A/Netherland/219/2003 (H7N7),1,7,-0.011827556500001,-0.0467789944511536,-6.79453239023757,0.963811308947747,0.985488064405444,NA,NA,NA
NA,XLOC_007585,TCATTTTGTCACAAACTTTGCCCAGGGCTCCGACTCTCGCATCAGCTAAACCCTCTGAAC,NA,PRJNA215073,A/Vietnam/1203/2004 (H5N1) vs. mock infection,Calu-3,A/Vietnam/1203/2004 (H5N1),1,12,-0.174458983749999,-0.600263176008792,-7.17407127969928,0.564375850269497,0.720855189276826,NA,NA,NA
NA,XLOC_007585,TCATTTTGTCACAAACTTTGCCCAGGGCTCCGACTCTCGCATCAGCTAAACCCTCTGAAC,NA,PRJNA215073,A/Vietnam/1203/2004 (H5N1) vs. mock infection,Calu-3,A/Vietnam/1203/2004 (H5N1),1,24,0.413831544999999,1.54745354725588,-6.7107368139349,0.161132911034725,0.187764224299027,NA,NA,NA
NA,XLOC_007585,TCATTTTGTCACAAACTTTGCCCAGGGCTCCGACTCTCGCATCAGCTAAACCCTCTGAAC,NA,PRJNA215073,A/Vietnam/1203/2004 (H5N1) vs. mock infection,Calu-3,A/Vietnam/1203/2004 (H5N1),1,3,-0.316185740083331,-1.958454693864,-5.41646618091631,0.090813651173446,0.219828001855828,NA,NA,NA
NA,XLOC_007585,TCATTTTGTCACAAACTTTGCCCAGGGCTCCGACTCTCGCATCAGCTAAACCCTCTGAAC,NA,PRJNA215073,A/Vietnam/1203/2004 (H5N1) vs. mock infection,Calu-3,A/Vietnam/1203/2004 (H5N1),1,7,0.558985048249999,1.83443986393294,-4.22783568082451,0.102086904605845,0.560741990427311,NA,NA,NA
NA,XLOC_007585,TCATTTTGTCACAAACTTTGCCCAGGGCTCCGACTCTCGCATCAGCTAAACCCTCTGAAC,NA,PRJNA215073,A/Panama/2007/1999 (H3N2) vs. mock infection,Calu-3,A/Panama/2007/1999 (H3N2),1,12,-0.600513557749998,-0.861390483431651,-7.64530596297669,0.413632375608354,0.485020495765744,NA,NA,NA
NA,XLOC_007585,TCATTTTGTCACAAACTTTGCCCAGGGCTCCGACTCTCGCATCAGCTAAACCCTCTGAAC,NA,PRJNA215073,A/Panama/2007/1999 (H3N2) vs. mock infection,Calu-3,A/Panama/2007/1999 (H3N2),1,24,-0.202509942000001,-0.540687564323165,-7.70279013677659,0.603387069922876,0.654011210118288,NA,NA,NA
NA,XLOC_007585,TCATTTTGTCACAAACTTTGCCCAGGGCTCCGACTCTCGCATCAGCTAAACCCTCTGAAC,NA,PRJNA215073,A/Panama/2007/1999 (H3N2) vs. mock infection,Calu-3,A/Panama/2007/1999 (H3N2),1,3,-0.29920611275,-0.975507903812338,-6.47277258925927,0.361083303664979,0.540318715172035,NA,NA,NA
NA,XLOC_007585,TCATTTTGTCACAAACTTTGCCCAGGGCTCCGACTCTCGCATCAGCTAAACCCTCTGAAC,NA,PRJNA215073,A/Panama/2007/1999 (H3N2) vs. mock infection,Calu-3,A/Panama/2007/1999 (H3N2),1,7,-0.05758705625,-0.143020269245304,-6.83647518043842,0.889707946810071,0.938995881208531,NA,NA,NA
